{
  "images": [
    {
      "width": 1600,
      "height": 1200,
      "id": 0,
      "file_name": "images\\cb341d1f-hammer_01.jpg"
    },
    {
      "width": 2048,
      "height": 1371,
      "id": 1,
      "file_name": "images\\91775956-hammer_02.jpg"
    },
    {
      "width": 2048,
      "height": 1536,
      "id": 2,
      "file_name": "images\\6b9518cd-hammer_03.jpg"
    },
    {
      "width": 2048,
      "height": 1536,
      "id": 3,
      "file_name": "images\\0432bc5f-hammer_04.jpg"
    },
    {
      "width": 2047,
      "height": 1365,
      "id": 4,
      "file_name": "images\\8af70c85-hammer_05.jpg"
    },
    {
      "width": 2048,
      "height": 1365,
      "id": 5,
      "file_name": "images\\deff5666-hammer_06.jpg"
    },
    {
      "width": 2048,
      "height": 1536,
      "id": 6,
      "file_name": "images\\300b6c8a-hammer_07.jpg"
    },
    {
      "width": 2048,
      "height": 1365,
      "id": 7,
      "file_name": "images\\b58b02a5-hammer_08.jpg"
    },
    {
      "width": 2048,
      "height": 1536,
      "id": 8,
      "file_name": "images\\5ff059f5-hammer_09.jpg"
    },
    {
      "width": 1375,
      "height": 2048,
      "id": 9,
      "file_name": "images\\48e78553-hammer_10.jpg"
    },
    {
      "width": 1305,
      "height": 817,
      "id": 10,
      "file_name": "images\\a4733511-hammer_11.jpg"
    },
    {
      "width": 1556,
      "height": 1163,
      "id": 11,
      "file_name": "images\\24d09890-hammer_12.jpg"
    },
    {
      "width": 1600,
      "height": 1579,
      "id": 12,
      "file_name": "images\\382c5fd6-hammer_13.jpg"
    },
    {
      "width": 640,
      "height": 480,
      "id": 13,
      "file_name": "images\\afe24f1b-hammer_14.jpg"
    },
    {
      "width": 2048,
      "height": 1536,
      "id": 14,
      "file_name": "images\\6d7b8852-hammer_15.jpg"
    },
    {
      "width": 2048,
      "height": 1366,
      "id": 15,
      "file_name": "images\\d827e97d-hammer_16.jpg"
    },
    {
      "width": 1024,
      "height": 768,
      "id": 16,
      "file_name": "images\\6f361084-hammer_17.jpg"
    },
    {
      "width": 2048,
      "height": 1371,
      "id": 17,
      "file_name": "images\\95009670-hammer_18.jpg"
    },
    {
      "width": 1151,
      "height": 2048,
      "id": 18,
      "file_name": "images\\13713574-hammer_19.jpg"
    },
    {
      "width": 2048,
      "height": 1663,
      "id": 19,
      "file_name": "images\\9a1a7cba-hammer_20.jpg"
    },
    {
      "width": 2048,
      "height": 1366,
      "id": 20,
      "file_name": "images\\7b8b9716-hammer_21.jpg"
    },
    {
      "width": 2048,
      "height": 1536,
      "id": 21,
      "file_name": "images\\0f4a5cb2-hammer_22.jpg"
    },
    {
      "width": 1024,
      "height": 683,
      "id": 22,
      "file_name": "images\\039ff9ed-hammer_23.jpg"
    },
    {
      "width": 2048,
      "height": 1515,
      "id": 23,
      "file_name": "images\\0428ece9-hammer_24.jpg"
    },
    {
      "width": 870,
      "height": 1088,
      "id": 24,
      "file_name": "images\\bbd6e056-hammer_25.jpg"
    },
    {
      "width": 2048,
      "height": 1365,
      "id": 25,
      "file_name": "images\\48182376-hammer_26.jpg"
    },
    {
      "width": 1174,
      "height": 969,
      "id": 26,
      "file_name": "images\\bb7c5737-hammer_27.jpg"
    },
    {
      "width": 600,
      "height": 800,
      "id": 27,
      "file_name": "images\\70c99c29-hammer_28.jpg"
    },
    {
      "width": 2048,
      "height": 1536,
      "id": 28,
      "file_name": "images\\876b5fec-hammer_29.jpg"
    },
    {
      "width": 2048,
      "height": 1531,
      "id": 29,
      "file_name": "images\\8eb85b54-hammer_30.jpg"
    },
    {
      "width": 1920,
      "height": 1285,
      "id": 30,
      "file_name": "images\\4fc333e1-hammer_31.jpg"
    },
    {
      "width": 2048,
      "height": 1365,
      "id": 31,
      "file_name": "images\\90d0d645-hammer_32.jpg"
    },
    {
      "width": 2048,
      "height": 1359,
      "id": 32,
      "file_name": "images\\9e8f273f-hammer_33.jpg"
    },
    {
      "width": 2048,
      "height": 1536,
      "id": 33,
      "file_name": "images\\91843796-hammer_34.jpg"
    },
    {
      "width": 2048,
      "height": 1365,
      "id": 34,
      "file_name": "images\\a0b03156-hammer_35.jpg"
    },
    {
      "width": 2048,
      "height": 1312,
      "id": 35,
      "file_name": "images\\226d4f29-hammer_36.jpg"
    },
    {
      "width": 1365,
      "height": 2048,
      "id": 36,
      "file_name": "images\\e5c023f2-hammer_37.jpg"
    },
    {
      "width": 2048,
      "height": 1362,
      "id": 37,
      "file_name": "images\\d41922ab-hammer_38.jpg"
    },
    {
      "width": 2047,
      "height": 1370,
      "id": 38,
      "file_name": "images\\5eed666e-hammer_39.jpg"
    },
    {
      "width": 1600,
      "height": 1393,
      "id": 39,
      "file_name": "images\\a6928733-hammer_40.jpg"
    },
    {
      "width": 2048,
      "height": 1365,
      "id": 40,
      "file_name": "images\\0c5d5345-hammer_41.jpg"
    },
    {
      "width": 2047,
      "height": 1365,
      "id": 41,
      "file_name": "images\\3bccd012-hammer_42.jpg"
    },
    {
      "width": 2048,
      "height": 1536,
      "id": 42,
      "file_name": "images\\60330840-hammer_43.jpg"
    },
    {
      "width": 512,
      "height": 512,
      "id": 43,
      "file_name": "images\\a4f6aa71-hammer_44.jpg"
    },
    {
      "width": 2047,
      "height": 1365,
      "id": 44,
      "file_name": "images\\767a1027-hammer_45.jpg"
    },
    {
      "width": 2048,
      "height": 1536,
      "id": 45,
      "file_name": "images\\982a38ad-hammer_46.jpg"
    },
    {
      "width": 2048,
      "height": 1371,
      "id": 46,
      "file_name": "images\\519dae3d-hammer_47.jpg"
    },
    {
      "width": 2048,
      "height": 1371,
      "id": 47,
      "file_name": "images\\9d739b5c-hammer_48.jpg"
    },
    {
      "width": 2048,
      "height": 1371,
      "id": 48,
      "file_name": "images\\4a4a1b1b-hammer_49.jpg"
    },
    {
      "width": 2048,
      "height": 1371,
      "id": 49,
      "file_name": "images\\dc40b49a-hammer_50.jpg"
    },
    {
      "width": 2048,
      "height": 1371,
      "id": 50,
      "file_name": "images\\79f66dd5-hammer_51.jpg"
    },
    {
      "width": 2048,
      "height": 1536,
      "id": 51,
      "file_name": "images\\5b103a2a-hammer_52.jpg"
    },
    {
      "width": 2048,
      "height": 1536,
      "id": 52,
      "file_name": "images\\a280a70f-hammer_53.jpg"
    },
    {
      "width": 1024,
      "height": 1024,
      "id": 53,
      "file_name": "images\\d7b861c0-hammer_54.jpg"
    },
    {
      "width": 2048,
      "height": 1371,
      "id": 54,
      "file_name": "images\\dc2fe857-hammer_55.jpg"
    },
    {
      "width": 2048,
      "height": 1371,
      "id": 55,
      "file_name": "images\\dfd7c2cf-hammer_56.jpg"
    },
    {
      "width": 2048,
      "height": 1371,
      "id": 56,
      "file_name": "images\\6bc704e1-hammer_57.jpg"
    },
    {
      "width": 2048,
      "height": 1371,
      "id": 57,
      "file_name": "images\\0d594923-hammer_58.jpg"
    },
    {
      "width": 2048,
      "height": 1371,
      "id": 58,
      "file_name": "images\\d1cfcf5c-hammer_59.jpg"
    },
    {
      "width": 2048,
      "height": 1538,
      "id": 59,
      "file_name": "images\\5a1c0f39-hammer_60.jpg"
    },
    {
      "width": 2048,
      "height": 1538,
      "id": 60,
      "file_name": "images\\3e19325b-hammer_61.jpg"
    },
    {
      "width": 2048,
      "height": 1365,
      "id": 61,
      "file_name": "images\\9185a72d-hammer_62.jpg"
    },
    {
      "width": 2047,
      "height": 1365,
      "id": 62,
      "file_name": "images\\a26b21ba-hammer_63.jpg"
    },
    {
      "width": 2048,
      "height": 1663,
      "id": 63,
      "file_name": "images\\3173b75d-hammer_64.jpg"
    },
    {
      "width": 2048,
      "height": 1592,
      "id": 64,
      "file_name": "images\\bd7395cd-hammer_65.jpg"
    },
    {
      "width": 2048,
      "height": 1365,
      "id": 65,
      "file_name": "images\\233502c3-hammer_66.jpg"
    },
    {
      "width": 2048,
      "height": 1536,
      "id": 66,
      "file_name": "images\\1dfb1933-hammer_67.jpg"
    },
    {
      "width": 2048,
      "height": 1536,
      "id": 67,
      "file_name": "images\\3a88c933-hammer_68.jpg"
    },
    {
      "width": 2048,
      "height": 1365,
      "id": 68,
      "file_name": "images\\b8f7541f-hammer_69.jpg"
    },
    {
      "width": 2048,
      "height": 1536,
      "id": 69,
      "file_name": "images\\d74b129b-hammer_70.jpg"
    },
    {
      "width": 2048,
      "height": 1536,
      "id": 70,
      "file_name": "images\\26d190f8-hammer_71.jpg"
    },
    {
      "width": 2048,
      "height": 1536,
      "id": 71,
      "file_name": "images\\06887fc1-hammer_72.jpg"
    },
    {
      "width": 1374,
      "height": 1841,
      "id": 72,
      "file_name": "images\\afc1c6e8-hammer_73.jpg"
    },
    {
      "width": 2048,
      "height": 1536,
      "id": 73,
      "file_name": "images\\e5bb28db-hammer_74.jpg"
    },
    {
      "width": 2048,
      "height": 1365,
      "id": 74,
      "file_name": "images\\c3a5de42-hammer_75.jpg"
    },
    {
      "width": 2048,
      "height": 674,
      "id": 75,
      "file_name": "images\\c5893449-hammer_76.jpg"
    },
    {
      "width": 2047,
      "height": 1365,
      "id": 76,
      "file_name": "images\\7c1e3111-hammer_77.jpg"
    },
    {
      "width": 682,
      "height": 1024,
      "id": 77,
      "file_name": "images\\5fff1ce2-hammer_78.jpg"
    },
    {
      "width": 2048,
      "height": 1470,
      "id": 78,
      "file_name": "images\\fef98618-hammer_79.jpg"
    },
    {
      "width": 2048,
      "height": 1367,
      "id": 79,
      "file_name": "images\\c6cc7ec5-hammer_80.jpg"
    },
    {
      "width": 2048,
      "height": 1362,
      "id": 80,
      "file_name": "images\\f54ca4dd-hammer_81.jpg"
    },
    {
      "width": 1463,
      "height": 2048,
      "id": 81,
      "file_name": "images\\10ca2da8-hammer_82.jpg"
    },
    {
      "width": 2047,
      "height": 1638,
      "id": 82,
      "file_name": "images\\29a9fbc8-hammer_83.jpg"
    },
    {
      "width": 2047,
      "height": 1365,
      "id": 83,
      "file_name": "images\\2b9aaaf4-hammer_84.jpg"
    },
    {
      "width": 2048,
      "height": 1363,
      "id": 84,
      "file_name": "images\\e00c2d1f-hammer_85.jpg"
    },
    {
      "width": 2048,
      "height": 1367,
      "id": 85,
      "file_name": "images\\af5ae8c5-hammer_86.jpg"
    },
    {
      "width": 2048,
      "height": 1365,
      "id": 86,
      "file_name": "images\\d5fb933d-hammer_87.jpg"
    },
    {
      "width": 2048,
      "height": 1536,
      "id": 87,
      "file_name": "images\\910e5bfd-hammer_88.jpg"
    },
    {
      "width": 2048,
      "height": 1536,
      "id": 88,
      "file_name": "images\\f7620e82-hammer_89.jpg"
    },
    {
      "width": 1536,
      "height": 2048,
      "id": 89,
      "file_name": "images\\8436d49b-hammer_90.jpg"
    },
    {
      "width": 2047,
      "height": 1365,
      "id": 90,
      "file_name": "images\\25e877c7-hammer_91.jpg"
    },
    {
      "width": 2048,
      "height": 1536,
      "id": 91,
      "file_name": "images\\9a7a7dcf-hammer_92.jpg"
    },
    {
      "width": 2048,
      "height": 1363,
      "id": 92,
      "file_name": "images\\a3263073-hammer_93.jpg"
    },
    {
      "width": 1600,
      "height": 1067,
      "id": 93,
      "file_name": "images\\e948b641-hammer_94.jpg"
    },
    {
      "width": 2048,
      "height": 1536,
      "id": 94,
      "file_name": "images\\72f05c72-hammer_95.jpg"
    },
    {
      "width": 768,
      "height": 1024,
      "id": 95,
      "file_name": "images\\142fa682-hammer_96.jpg"
    },
    {
      "width": 2048,
      "height": 1536,
      "id": 96,
      "file_name": "images\\1d2e4ad9-hammer_97.jpg"
    },
    {
      "width": 1482,
      "height": 2048,
      "id": 97,
      "file_name": "images\\5741fbeb-hammer_98.jpg"
    },
    {
      "width": 634,
      "height": 960,
      "id": 98,
      "file_name": "images\\bd36b347-hammer_99.jpg"
    },
    {
      "width": 2048,
      "height": 1536,
      "id": 99,
      "file_name": "images\\164a2230-hammer_100.jpg"
    },
    {
      "width": 1362,
      "height": 2048,
      "id": 100,
      "file_name": "images\\8df13221-hammer_101.jpg"
    },
    {
      "width": 2048,
      "height": 1536,
      "id": 101,
      "file_name": "images\\30fbe7bd-hammer_102.jpg"
    }
  ],
  "categories": [
    {
      "id": 0,
      "name": "Caliper"
    },
    {
      "id": 1,
      "name": "Hammer"
    },
    {
      "id": 2,
      "name": "Screwdriver"
    },
    {
      "id": 3,
      "name": "Wrench"
    },
    {
      "id": 4,
      "name": "background"
    }
  ],
  "annotations": [
    {
      "id": 0,
      "image_id": 0,
      "category_id": 1,
      "segmentation": [],
      "bbox": [
        1128.3593635104946,
        338.3583738392765,
        395.26836274070115,
        861.6416261607234
      ],
      "ignore": 0,
      "iscrowd": 0,
      "area": 340579.6748417844
    },
    {
      "id": 1,
      "image_id": 1,
      "category_id": 1,
      "segmentation": [],
      "bbox": [
        184.080768867968,
        245.74725182940568,
        1752.9412582553468,
        537.286155766114
      ],
      "ignore": 0,
      "iscrowd": 0,
      "area": 941831.0699318302
    },
    {
      "id": 2,
      "image_id": 2,
      "category_id": 1,
      "segmentation": [],
      "bbox": [
        1491.6554128610367,
        970.6690781933212,
        501.35188161623506,
        565.3309218066781
      ],
      "ignore": 0,
      "iscrowd": 0,
      "area": 283429.7213836187
    },
    {
      "id": 3,
      "image_id": 3,
      "category_id": 1,
      "segmentation": [],
      "bbox": [
        1376.955064827483,
        1213.2217653527748,
        671.0449351725122,
        322.7782346472211
      ],
      "ignore": 0,
      "iscrowd": 0,
      "area": 216598.6995439424
    },
    {
      "id": 4,
      "image_id": 4,
      "category_id": 1,
      "segmentation": [],
      "bbox": [
        685.2415724515482,
        947.1209857753117,
        217.19876688913078,
        109.20784278494668
      ],
      "ignore": 0,
      "iscrowd": 0,
      "area": 23719.808787512477
    },
    {
      "id": 5,
      "image_id": 5,
      "category_id": 1,
      "segmentation": [],
      "bbox": [
        73.69194772925016,
        281.4840168827084,
        369.7656478701347,
        936.150258990817
      ],
      "ignore": 0,
      "iscrowd": 0,
      "area": 346156.20701953385
    },
    {
      "id": 6,
      "image_id": 6,
      "category_id": 1,
      "segmentation": [],
      "bbox": [
        378.00195292138596,
        106.3287194537334,
        1225.562070151305,
        487.7751933108565
      ],
      "ignore": 0,
      "iscrowd": 0,
      "area": 597798.7756825063
    },
    {
      "id": 7,
      "image_id": 6,
      "category_id": 2,
      "segmentation": [],
      "bbox": [
        738.2609042703057,
        1075.163856578943,
        914.837247275393,
        146.8534845247562
      ],
      "ignore": 0,
      "iscrowd": 0,
      "area": 134347.0375354275
    },
    {
      "id": 8,
      "image_id": 6,
      "category_id": 2,
      "segmentation": [],
      "bbox": [
        593.9149479954409,
        811.3386339424849,
        603.4128781485923,
        90.8798046918711
      ],
      "ignore": 0,
      "iscrowd": 0,
      "area": 54838.044514703884
    },
    {
      "id": 9,
      "image_id": 6,
      "category_id": 2,
      "segmentation": [],
      "bbox": [
        672.9752804059386,
        867.3779497489948,
        842.1018134418961,
        225.088834929201
      ],
      "ignore": 0,
      "iscrowd": 0,
      "area": 189547.71607940376
    },
    {
      "id": 10,
      "image_id": 7,
      "category_id": 1,
      "segmentation": [],
      "bbox": [
        110.92535721508591,
        126.95043396192399,
        490.5101884752867,
        1127.9889966789908
      ],
      "ignore": 0,
      "iscrowd": 0,
      "area": 553290.0953590614
    },
    {
      "id": 11,
      "image_id": 8,
      "category_id": 1,
      "segmentation": [],
      "bbox": [
        1069.257344744386,
        709.6095564932839,
        123.27723614144172,
        111.84047040460214
      ],
      "ignore": 0,
      "iscrowd": 0,
      "area": 13787.384080238062
    },
    {
      "id": 12,
      "image_id": 9,
      "category_id": 1,
      "segmentation": [],
      "bbox": [
        297.5832266482182,
        507.5806174519587,
        411.4851721843255,
        234.06899303855465
      ],
      "ignore": 0,
      "iscrowd": 0,
      "area": 96315.91990348135
    },
    {
      "id": 13,
      "image_id": 10,
      "category_id": 1,
      "segmentation": [],
      "bbox": [
        224.39722790614596,
        105.92194764965942,
        1078.2294004822713,
        300.43211039757307
      ],
      "ignore": 0,
      "iscrowd": 0,
      "area": 323934.73427959875
    },
    {
      "id": 14,
      "image_id": 11,
      "category_id": 1,
      "segmentation": [],
      "bbox": [
        972.3782202363122,
        483.59287551776004,
        96.8228065702148,
        72.12496347962251
      ],
      "ignore": 0,
      "iscrowd": 0,
      "area": 6983.341387871296
    },
    {
      "id": 15,
      "image_id": 12,
      "category_id": 1,
      "segmentation": [],
      "bbox": [
        406.01821809269694,
        820.9320198613411,
        161.75619101160495,
        139.6763190619182
      ],
      "ignore": 0,
      "iscrowd": 0,
      "area": 22593.50934597752
    },
    {
      "id": 16,
      "image_id": 12,
      "category_id": 3,
      "segmentation": [],
      "bbox": [
        1175.7067633580205,
        303.986589973065,
        37.274840952566876,
        172.55795683980202
      ],
      "ignore": 0,
      "iscrowd": 0,
      "area": 6432.070396303519
    },
    {
      "id": 17,
      "image_id": 13,
      "category_id": 1,
      "segmentation": [],
      "bbox": [
        154.92300764387252,
        111.53647322001994,
        481.8015049364622,
        356.4857114486975
      ],
      "ignore": 0,
      "iscrowd": 0,
      "area": 171755.35226432787
    },
    {
      "id": 18,
      "image_id": 14,
      "category_id": 1,
      "segmentation": [],
      "bbox": [
        167.6709439788401,
        153.97472780842816,
        437.9267180438121,
        1182.8556030386912
      ],
      "ignore": 0,
      "iscrowd": 0,
      "area": 518004.0721584683
    },
    {
      "id": 19,
      "image_id": 15,
      "category_id": 1,
      "segmentation": [],
      "bbox": [
        706.1998305418742,
        754.2187782858732,
        312.8499522666698,
        611.7812217141269
      ],
      "ignore": 0,
      "iscrowd": 0,
      "area": 191395.72601090954
    },
    {
      "id": 20,
      "image_id": 15,
      "category_id": 1,
      "segmentation": [],
      "bbox": [
        983.6538867029896,
        890.9290601388774,
        228.99970135027996,
        475.07093986112267
      ],
      "ignore": 0,
      "iscrowd": 0,
      "area": 108791.10334839391
    },
    {
      "id": 21,
      "image_id": 15,
      "category_id": 3,
      "segmentation": [],
      "bbox": [
        512.8422039389702,
        925.1563925208208,
        233.23511746675155,
        440.84360747917776
      ],
      "ignore": 0,
      "iscrowd": 0,
      "area": 102820.21057487253
    },
    {
      "id": 22,
      "image_id": 15,
      "category_id": 3,
      "segmentation": [],
      "bbox": [
        636.6961161492169,
        1019.1736164118669,
        191.3933024814938,
        346.8263835881326
      ],
      "ignore": 0,
      "iscrowd": 0,
      "area": 66380.24694264606
    },
    {
      "id": 23,
      "image_id": 16,
      "category_id": 1,
      "segmentation": [],
      "bbox": [
        745.4456168272321,
        446.37442003430215,
        250.88710262843705,
        113.60399637829545
      ],
      "ignore": 0,
      "iscrowd": 0,
      "area": 28501.777498362
    },
    {
      "id": 24,
      "image_id": 17,
      "category_id": 1,
      "segmentation": [],
      "bbox": [
        237.57761498377764,
        155.03079623303074,
        1586.6938679093423,
        567.9769613386496
      ],
      "ignore": 0,
      "iscrowd": 0,
      "area": 901205.561669817
    },
    {
      "id": 25,
      "image_id": 18,
      "category_id": 1,
      "segmentation": [],
      "bbox": [
        118.06520686620598,
        21.046640316205536,
        632.7710022331169,
        528.6328553400841
      ],
      "ignore": 0,
      "iscrowd": 0,
      "area": 334503.5416868993
    },
    {
      "id": 26,
      "image_id": 19,
      "category_id": 1,
      "segmentation": [],
      "bbox": [
        903.3017180396107,
        631.0680547715533,
        316.3820451072381,
        861.7768582633896
      ],
      "ignore": 0,
      "iscrowd": 0,
      "area": 272650.7248434617
    },
    {
      "id": 27,
      "image_id": 19,
      "category_id": 1,
      "segmentation": [],
      "bbox": [
        914.6137458321418,
        197.2164750297121,
        574.3008774311318,
        227.90850619874035
      ],
      "ignore": 0,
      "iscrowd": 0,
      "area": 130888.05508395511
    },
    {
      "id": 28,
      "image_id": 20,
      "category_id": 3,
      "segmentation": [],
      "bbox": [
        1529.047246197582,
        745.9296586095082,
        108.70875718025034,
        467.25311489587926
      ],
      "ignore": 0,
      "iscrowd": 0,
      "area": 50794.50540893176
    },
    {
      "id": 29,
      "image_id": 20,
      "category_id": 1,
      "segmentation": [],
      "bbox": [
        1698.8832403473682,
        736.2096811828582,
        321.11677181248257,
        629.7903188171402
      ],
      "ignore": 0,
      "iscrowd": 0,
      "area": 202236.23409731427
    },
    {
      "id": 30,
      "image_id": 20,
      "category_id": 1,
      "segmentation": [],
      "bbox": [
        615.2337341233397,
        727.5399988498252,
        357.8822921247571,
        638.4600011501749
      ],
      "ignore": 0,
      "iscrowd": 0,
      "area": 228493.52864159964
    },
    {
      "id": 31,
      "image_id": 21,
      "category_id": 1,
      "segmentation": [],
      "bbox": [
        903.74583426054,
        1163.0916322748635,
        432.867690007137,
        132.464255398291
      ],
      "ignore": 0,
      "iscrowd": 0,
      "area": 57339.49624277365
    },
    {
      "id": 32,
      "image_id": 22,
      "category_id": 1,
      "segmentation": [],
      "bbox": [
        126.3013815296591,
        104.7271865526518,
        825.5468247729739,
        480.4049494319538
      ],
      "ignore": 0,
      "iscrowd": 0,
      "area": 396596.78060877055
    },
    {
      "id": 33,
      "image_id": 23,
      "category_id": 1,
      "segmentation": [],
      "bbox": [
        1081.6790540651446,
        816.348164164544,
        807.411903099869,
        491.3584068620096
      ],
      "ignore": 0,
      "iscrowd": 0,
      "area": 396728.6263885749
    },
    {
      "id": 34,
      "image_id": 24,
      "category_id": 1,
      "segmentation": [],
      "bbox": [
        250.73615240578002,
        809.2297945046823,
        268.58720215485596,
        154.92809087174254
      ],
      "ignore": 0,
      "iscrowd": 0,
      "area": 41611.70246243461
    },
    {
      "id": 35,
      "image_id": 24,
      "category_id": 2,
      "segmentation": [],
      "bbox": [
        268.5370289195705,
        822.6733902655054,
        70.27191142930533,
        75.85031555891236
      ],
      "ignore": 0,
      "iscrowd": 0,
      "area": 5330.1466568407495
    },
    {
      "id": 36,
      "image_id": 24,
      "category_id": 2,
      "segmentation": [],
      "bbox": [
        239.70656805487542,
        694.6318026600165,
        71.8690360889477,
        41.31328823550638
      ],
      "ignore": 0,
      "iscrowd": 0,
      "area": 2969.1462031507062
    },
    {
      "id": 37,
      "image_id": 25,
      "category_id": 1,
      "segmentation": [],
      "bbox": [
        973.670617347517,
        257.62732337449717,
        421.82354321396184,
        970.4732313409108
      ],
      "ignore": 0,
      "iscrowd": 0,
      "area": 409368.4570385259
    },
    {
      "id": 38,
      "image_id": 26,
      "category_id": 1,
      "segmentation": [],
      "bbox": [
        645.744566033866,
        98.8150197628459,
        445.8167916282436,
        639.6166007905135
      ],
      "ignore": 0,
      "iscrowd": 0,
      "area": 285151.82083658985
    },
    {
      "id": 39,
      "image_id": 27,
      "category_id": 1,
      "segmentation": [],
      "bbox": [
        212.7850139100424,
        373.48349053192317,
        43.028426992354106,
        60.38625932096476
      ],
      "ignore": 0,
      "iscrowd": 0,
      "area": 2598.325750533495
    },
    {
      "id": 40,
      "image_id": 28,
      "category_id": 1,
      "segmentation": [],
      "bbox": [
        738.990397711546,
        734.1607450475748,
        146.90561309314427,
        308.8707042402215
      ],
      "ignore": 0,
      "iscrowd": 0,
      "area": 45374.84017292098
    },
    {
      "id": 41,
      "image_id": 29,
      "category_id": 1,
      "segmentation": [],
      "bbox": [
        744.7546971604877,
        681.8945769711951,
        355.30900667324596,
        454.4739468476928
      ],
      "ignore": 0,
      "iscrowd": 0,
      "area": 161478.6866133233
    },
    {
      "id": 42,
      "image_id": 30,
      "category_id": 1,
      "segmentation": [],
      "bbox": [
        942.7051009579616,
        554.973429982021,
        330.80738720344766,
        311.79853691473545
      ],
      "ignore": 0,
      "iscrowd": 0,
      "area": 103145.25933062135
    },
    {
      "id": 43,
      "image_id": 31,
      "category_id": 1,
      "segmentation": [],
      "bbox": [
        855.34562687328,
        588.6356080937221,
        303.98950214031623,
        336.0910085340495
      ],
      "ignore": 0,
      "iscrowd": 0,
      "area": 102168.13835810247
    },
    {
      "id": 44,
      "image_id": 32,
      "category_id": 1,
      "segmentation": [],
      "bbox": [
        806.1575665758834,
        439.3557954501953,
        358.24867306821596,
        585.6692737292743
      ],
      "ignore": 0,
      "iscrowd": 0,
      "area": 209815.24017033828
    },
    {
      "id": 45,
      "image_id": 33,
      "category_id": 1,
      "segmentation": [],
      "bbox": [
        161.6423570296239,
        116.79801217098706,
        1432.6968216704422,
        1065.8267472902057
      ],
      "ignore": 0,
      "iscrowd": 0,
      "area": 1527006.5932940233
    },
    {
      "id": 46,
      "image_id": 34,
      "category_id": 1,
      "segmentation": [],
      "bbox": [
        1188.5244745756893,
        305.19579831851536,
        304.47341674237197,
        216.74321789148166
      ],
      "ignore": 0,
      "iscrowd": 0,
      "area": 65992.54810715583
    },
    {
      "id": 47,
      "image_id": 34,
      "category_id": 2,
      "segmentation": [],
      "bbox": [
        1674.9443293857967,
        623.7058177978128,
        224.17196208087861,
        35.60497637437731
      ],
      "ignore": 0,
      "iscrowd": 0,
      "area": 7981.637413687489
    },
    {
      "id": 48,
      "image_id": 34,
      "category_id": 2,
      "segmentation": [],
      "bbox": [
        1537.3170837705811,
        788.3447799489462,
        348.54317138571236,
        40.5867850356554
      ],
      "ignore": 0,
      "iscrowd": 0,
      "area": 14146.246772677507
    },
    {
      "id": 49,
      "image_id": 34,
      "category_id": 2,
      "segmentation": [],
      "bbox": [
        1521.2394182619503,
        725.3046811223093,
        310.8103237167987,
        50.72634898221042
      ],
      "ignore": 0,
      "iscrowd": 0,
      "area": 15766.27294813212
    },
    {
      "id": 50,
      "image_id": 34,
      "category_id": 1,
      "segmentation": [],
      "bbox": [
        1535.9317292836736,
        871.6052251259574,
        493.8562725199452,
        146.62675253048408
      ],
      "ignore": 0,
      "iscrowd": 0,
      "area": 72412.54145640931
    },
    {
      "id": 51,
      "image_id": 35,
      "category_id": 1,
      "segmentation": [],
      "bbox": [
        262.4523859618365,
        569.0294176346594,
        180.50783199758604,
        282.3463078231855
      ],
      "ignore": 0,
      "iscrowd": 0,
      "area": 50965.71989768628
    },
    {
      "id": 52,
      "image_id": 35,
      "category_id": 1,
      "segmentation": [],
      "bbox": [
        891.6070527902381,
        791.3253902917663,
        347.8789587842857,
        216.68838913614366
      ],
      "ignore": 0,
      "iscrowd": 0,
      "area": 75381.33119332578
    },
    {
      "id": 53,
      "image_id": 36,
      "category_id": 1,
      "segmentation": [],
      "bbox": [
        357.65212614871234,
        1281.6915869984593,
        272.59966483938257,
        562.4930266539178
      ],
      "ignore": 0,
      "iscrowd": 0,
      "area": 153335.4105403479
    },
    {
      "id": 54,
      "image_id": 37,
      "category_id": 1,
      "segmentation": [],
      "bbox": [
        1579.0742151106422,
        386.9039618506671,
        468.92578488935845,
        889.8483633578019
      ],
      "ignore": 0,
      "iscrowd": 0,
      "area": 417272.84222006827
    },
    {
      "id": 55,
      "image_id": 38,
      "category_id": 1,
      "segmentation": [],
      "bbox": [
        315.23436979433956,
        490.8593741569257,
        1423.8213836481248,
        437.96262483182016
      ],
      "ignore": 0,
      "iscrowd": 0,
      "area": 623580.5504742068
    },
    {
      "id": 56,
      "image_id": 38,
      "category_id": 2,
      "segmentation": [],
      "bbox": [
        618.5101937838743,
        114.08091967923986,
        1047.066108668787,
        104.08883207695695
      ],
      "ignore": 0,
      "iscrowd": 0,
      "area": 108987.88835869811
    },
    {
      "id": 57,
      "image_id": 39,
      "category_id": 1,
      "segmentation": [],
      "bbox": [
        139.89789231269356,
        50.5123506635975,
        1327.798911340272,
        1295.511228910806
      ],
      "ignore": 0,
      "iscrowd": 0,
      "area": 1720178.3993768662
    },
    {
      "id": 58,
      "image_id": 39,
      "category_id": 3,
      "segmentation": [],
      "bbox": [
        211.50975319180554,
        105.27528820329437,
        1264.2962112002672,
        1187.2251684177074
      ],
      "ignore": 0,
      "iscrowd": 0,
      "area": 1501004.2822721065
    },
    {
      "id": 59,
      "image_id": 40,
      "category_id": 3,
      "segmentation": [],
      "bbox": [
        531.4688370176016,
        207.89477328206056,
        136.853899245065,
        884.3235024348605
      ],
      "ignore": 0,
      "iscrowd": 0,
      "area": 121023.1195022634
    },
    {
      "id": 60,
      "image_id": 40,
      "category_id": 1,
      "segmentation": [],
      "bbox": [
        1071.6399724600822,
        297.4759860144632,
        887.6000250362797,
        666.0553437591641
      ],
      "ignore": 0,
      "iscrowd": 0,
      "area": 591190.7397961819
    },
    {
      "id": 61,
      "image_id": 41,
      "category_id": 1,
      "segmentation": [],
      "bbox": [
        804.5214094936975,
        655.569040922187,
        1131.0421216848092,
        430.00742966604594
      ],
      "ignore": 0,
      "iscrowd": 0,
      "area": 486356.515589716
    },
    {
      "id": 62,
      "image_id": 41,
      "category_id": 1,
      "segmentation": [],
      "bbox": [
        261.0412541392862,
        465.49411833390093,
        945.4431084381248,
        704.927735212802
      ],
      "ignore": 0,
      "iscrowd": 0,
      "area": 666469.0692038388
    },
    {
      "id": 63,
      "image_id": 42,
      "category_id": 1,
      "segmentation": [],
      "bbox": [
        499.6605821886038,
        153.9090684208477,
        944.2222629996762,
        1304.9695926670167
      ],
      "ignore": 0,
      "iscrowd": 0,
      "area": 1232181.3419338162
    },
    {
      "id": 64,
      "image_id": 43,
      "category_id": 1,
      "segmentation": [],
      "bbox": [
        193.31768342170344,
        37.93462293272186,
        305.41332640850175,
        440.71282091039177
      ],
      "ignore": 0,
      "iscrowd": 0,
      "area": 134599.56862511704
    },
    {
      "id": 65,
      "image_id": 44,
      "category_id": 1,
      "segmentation": [],
      "bbox": [
        397.42247651270156,
        373.7747219800954,
        758.2650910970586,
        364.0543526315721
      ],
      "ignore": 0,
      "iscrowd": 0,
      "area": 276049.7068624597
    },
    {
      "id": 66,
      "image_id": 44,
      "category_id": 2,
      "segmentation": [],
      "bbox": [
        1098.8749293505073,
        776.5581889299632,
        350.9392200635899,
        264.91359421446026
      ],
      "ignore": 0,
      "iscrowd": 0,
      "area": 92968.57013786503
    },
    {
      "id": 67,
      "image_id": 44,
      "category_id": 2,
      "segmentation": [],
      "bbox": [
        1159.8158953978755,
        803.818933876884,
        223.62556503668108,
        117.89003660639402
      ],
      "ignore": 0,
      "iscrowd": 0,
      "area": 26363.22604829988
    },
    {
      "id": 68,
      "image_id": 45,
      "category_id": 1,
      "segmentation": [],
      "bbox": [
        804.6367184651822,
        736.5381790223987,
        221.70651007963653,
        154.37548480936638
      ],
      "ignore": 0,
      "iscrowd": 0,
      "area": 34226.049978936564
    },
    {
      "id": 69,
      "image_id": 46,
      "category_id": 1,
      "segmentation": [],
      "bbox": [
        458.2323937186586,
        740.0915451460754,
        982.9842100031412,
        325.71629799117477
      ],
      "ignore": 0,
      "iscrowd": 0,
      "area": 320173.97786600265
    },
    {
      "id": 70,
      "image_id": 47,
      "category_id": 1,
      "segmentation": [],
      "bbox": [
        480.23625475437456,
        92.58880359529026,
        1097.9812746379405,
        424.36083743238845
      ],
      "ignore": 0,
      "iscrowd": 0,
      "area": 465940.25319043774
    },
    {
      "id": 71,
      "image_id": 48,
      "category_id": 1,
      "segmentation": [],
      "bbox": [
        174.90642780845982,
        231.79553151090005,
        1718.1684959250217,
        496.6946645675261
      ],
      "ignore": 0,
      "iscrowd": 0,
      "area": 853405.1247539695
    },
    {
      "id": 72,
      "image_id": 49,
      "category_id": 1,
      "segmentation": [],
      "bbox": [
        160.53394083195056,
        234.80853350698527,
        1722.0197846582423,
        694.8963714135213
      ],
      "ignore": 0,
      "iscrowd": 0,
      "area": 1196625.2998613059
    },
    {
      "id": 73,
      "image_id": 50,
      "category_id": 1,
      "segmentation": [],
      "bbox": [
        93.77014896485129,
        136.59037175504068,
        1790.7888014400346,
        605.7349179292704
      ],
      "ignore": 0,
      "iscrowd": 0,
      "area": 1084743.307668936
    },
    {
      "id": 74,
      "image_id": 51,
      "category_id": 1,
      "segmentation": [],
      "bbox": [
        492.23677534441384,
        910.215431603652,
        1356.4626697895774,
        584.0105098189404
      ],
      "ignore": 0,
      "iscrowd": 0,
      "area": 792188.455334172
    },
    {
      "id": 75,
      "image_id": 51,
      "category_id": 1,
      "segmentation": [],
      "bbox": [
        304.66597233064385,
        499.68200836819847,
        1622.761506276149,
        565.5564853556484
      ],
      "ignore": 0,
      "iscrowd": 0,
      "area": 917763.2940599768
    },
    {
      "id": 76,
      "image_id": 51,
      "category_id": 1,
      "segmentation": [],
      "bbox": [
        169.37881906427702,
        69.08786610878677,
        1668.679758341581,
        571.983263598326
      ],
      "ignore": 0,
      "iscrowd": 0,
      "area": 954456.8940766833
    },
    {
      "id": 77,
      "image_id": 52,
      "category_id": 1,
      "segmentation": [],
      "bbox": [
        406.9613220132889,
        83.9827275104179,
        1200.990954368696,
        444.6197829498307
      ],
      "ignore": 0,
      "iscrowd": 0,
      "area": 533984.3374561197
    },
    {
      "id": 78,
      "image_id": 53,
      "category_id": 1,
      "segmentation": [],
      "bbox": [
        105.75500332958688,
        96.23235237224675,
        771.1506930139602,
        306.41286657323883
      ],
      "ignore": 0,
      "iscrowd": 0,
      "area": 236290.49440634725
    },
    {
      "id": 79,
      "image_id": 54,
      "category_id": 1,
      "segmentation": [],
      "bbox": [
        92.83448689478014,
        248.78766574095752,
        1841.8890816026415,
        558.4099813178632
      ],
      "ignore": 0,
      "iscrowd": 0,
      "area": 1028529.2476473072
    },
    {
      "id": 80,
      "image_id": 55,
      "category_id": 1,
      "segmentation": [],
      "bbox": [
        48.17840905323043,
        300.6338124268507,
        1947.492489294536,
        503.2667434127172
      ],
      "ignore": 0,
      "iscrowd": 0,
      "area": 980108.202907987
    },
    {
      "id": 81,
      "image_id": 56,
      "category_id": 1,
      "segmentation": [],
      "bbox": [
        325.434574537798,
        182.26190064365707,
        1296.0165456649258,
        396.8447660230084
      ],
      "ignore": 0,
      "iscrowd": 0,
      "area": 514317.38282634504
    },
    {
      "id": 82,
      "image_id": 56,
      "category_id": 2,
      "segmentation": [],
      "bbox": [
        136.56834960761944,
        938.5987411661001,
        622.7206459826859,
        143.2718470691921
      ],
      "ignore": 0,
      "iscrowd": 0,
      "area": 89218.33715805989
    },
    {
      "id": 83,
      "image_id": 56,
      "category_id": 2,
      "segmentation": [],
      "bbox": [
        876.1298668920921,
        994.7673270780992,
        912.573214869299,
        165.81071213758472
      ],
      "ignore": 0,
      "iscrowd": 0,
      "area": 151314.4146351636
    },
    {
      "id": 84,
      "image_id": 57,
      "category_id": 1,
      "segmentation": [],
      "bbox": [
        228.2843364022653,
        122.74802718205802,
        1599.6560557545965,
        457.9649139944112
      ],
      "ignore": 0,
      "iscrowd": 0,
      "area": 732586.3479942929
    },
    {
      "id": 85,
      "image_id": 58,
      "category_id": 1,
      "segmentation": [],
      "bbox": [
        174.8468365512628,
        157.9189650881142,
        1685.9843998483213,
        612.3343682452141
      ],
      "ignore": 0,
      "iscrowd": 0,
      "area": 1032386.1923524083
    },
    {
      "id": 86,
      "image_id": 59,
      "category_id": 1,
      "segmentation": [],
      "bbox": [
        265.85809687187236,
        43.42397415743731,
        1370.1594595560857,
        548.9163997850272
      ],
      "ignore": 0,
      "iscrowd": 0,
      "area": 752102.9976709252
    },
    {
      "id": 87,
      "image_id": 59,
      "category_id": 2,
      "segmentation": [],
      "bbox": [
        424.0279637754952,
        613.0376800455099,
        1274.9174579779126,
        94.08875673609933
      ],
      "ignore": 0,
      "iscrowd": 0,
      "area": 119955.39856228995
    },
    {
      "id": 88,
      "image_id": 59,
      "category_id": 2,
      "segmentation": [],
      "bbox": [
        384.89423357576857,
        751.2774722493195,
        1338.111356493226,
        110.13109619371583
      ],
      "ignore": 0,
      "iscrowd": 0,
      "area": 147367.67051985904
    },
    {
      "id": 89,
      "image_id": 59,
      "category_id": 2,
      "segmentation": [],
      "bbox": [
        169.43582691595918,
        918.3262325858,
        1628.4775636855206,
        198.61211642150863
      ],
      "ignore": 0,
      "iscrowd": 0,
      "area": 323435.37546852336
    },
    {
      "id": 90,
      "image_id": 59,
      "category_id": 2,
      "segmentation": [],
      "bbox": [
        148.7771200906242,
        1206.9397055863783,
        1759.4046980911853,
        203.19178772143317
      ],
      "ignore": 0,
      "iscrowd": 0,
      "area": 357496.5859306363
    },
    {
      "id": 91,
      "image_id": 60,
      "category_id": 1,
      "segmentation": [],
      "bbox": [
        105.46255170552436,
        288.96489424057756,
        1851.3492359320965,
        551.5513022066525
      ],
      "ignore": 0,
      "iscrowd": 0,
      "area": 1021114.081917639
    },
    {
      "id": 92,
      "image_id": 60,
      "category_id": 2,
      "segmentation": [],
      "bbox": [
        573.1121538749296,
        1074.8661872063847,
        730.4904714459674,
        91.06773422951602
      ],
      "ignore": 0,
      "iscrowd": 0,
      "area": 66524.11211083522
    },
    {
      "id": 93,
      "image_id": 60,
      "category_id": 2,
      "segmentation": [],
      "bbox": [
        639.2835521058997,
        765.7789500126779,
        611.8582128112668,
        127.7788341103959
      ],
      "ignore": 0,
      "iscrowd": 0,
      "area": 78182.52907389417
    },
    {
      "id": 94,
      "image_id": 61,
      "category_id": 1,
      "segmentation": [],
      "bbox": [
        372.8320882705668,
        93.30392116657207,
        714.1639587685443,
        614.0435283135025
      ],
      "ignore": 0,
      "iscrowd": 0,
      "area": 438527.75703657564
    },
    {
      "id": 95,
      "image_id": 62,
      "category_id": 2,
      "segmentation": [],
      "bbox": [
        269.667488719411,
        146.49865207921533,
        361.0356669675581,
        562.7216586145454
      ],
      "ignore": 0,
      "iscrowd": 0,
      "area": 203162.58933499292
    },
    {
      "id": 96,
      "image_id": 62,
      "category_id": 2,
      "segmentation": [],
      "bbox": [
        485.10242760421016,
        74.18117899107403,
        397.3057566510418,
        614.036715987006
      ],
      "ignore": 0,
      "iscrowd": 0,
      "area": 243960.32205673828
    },
    {
      "id": 97,
      "image_id": 62,
      "category_id": 2,
      "segmentation": [],
      "bbox": [
        634.2470335972371,
        61.34105041937424,
        355.811672086367,
        549.9504965898677
      ],
      "ignore": 0,
      "iscrowd": 0,
      "area": 195678.80575636873
    },
    {
      "id": 98,
      "image_id": 62,
      "category_id": 2,
      "segmentation": [],
      "bbox": [
        796.4443361718374,
        49.90466326565404,
        295.8498886304741,
        454.8728570903425
      ],
      "ignore": 0,
      "iscrowd": 0,
      "area": 134574.08411120338
    },
    {
      "id": 99,
      "image_id": 62,
      "category_id": 2,
      "segmentation": [],
      "bbox": [
        942.5352493367509,
        23.96358700289774,
        304.6978789142171,
        450.9372672955314
      ],
      "ignore": 0,
      "iscrowd": 0,
      "area": 137399.62886832177
    },
    {
      "id": 100,
      "image_id": 62,
      "category_id": 2,
      "segmentation": [],
      "bbox": [
        1121.2923729794763,
        50.06052161265202,
        257.2646041856506,
        379.77137490882143
      ],
      "ignore": 0,
      "iscrowd": 0,
      "area": 97701.73244695827
    },
    {
      "id": 101,
      "image_id": 62,
      "category_id": 2,
      "segmentation": [],
      "bbox": [
        1278.6225187537757,
        65.9123821671306,
        215.01797315766814,
        320.8582607466507
      ],
      "ignore": 0,
      "iscrowd": 0,
      "area": 68990.29289663942
    },
    {
      "id": 102,
      "image_id": 62,
      "category_id": 2,
      "segmentation": [],
      "bbox": [
        1423.0634303017907,
        57.610945841916255,
        201.65269297271854,
        302.12756377930657
      ],
      "ignore": 0,
      "iscrowd": 0,
      "area": 60924.83685738395
    },
    {
      "id": 103,
      "image_id": 62,
      "category_id": 2,
      "segmentation": [],
      "bbox": [
        1550.6760688350148,
        426.34178661602965,
        206.3148471094482,
        299.1815510352297
      ],
      "ignore": 0,
      "iscrowd": 0,
      "area": 61725.59595980099
    },
    {
      "id": 104,
      "image_id": 62,
      "category_id": 1,
      "segmentation": [],
      "bbox": [
        1126.628386484108,
        548.3172958712441,
        541.475316295828,
        750.8568156266897
      ],
      "ignore": 0,
      "iscrowd": 0,
      "area": 406570.43173434
    },
    {
      "id": 105,
      "image_id": 63,
      "category_id": 1,
      "segmentation": [],
      "bbox": [
        903.9488767306522,
        631.4349734021342,
        316.38202271775253,
        861.4099286070109
      ],
      "ignore": 0,
      "iscrowd": 0,
      "area": 272534.6156018409
    },
    {
      "id": 106,
      "image_id": 63,
      "category_id": 1,
      "segmentation": [],
      "bbox": [
        914.9005358626789,
        195.23974834540516,
        573.9949173830229,
        231.47209206998104
      ],
      "ignore": 0,
      "iscrowd": 0,
      "area": 132863.80436418424
    },
    {
      "id": 107,
      "image_id": 64,
      "category_id": 1,
      "segmentation": [],
      "bbox": [
        157.6395643498355,
        107.72035947989542,
        408.5490180747955,
        1213.8242018555966
      ],
      "ignore": 0,
      "iscrowd": 0,
      "area": 495906.6857835264
    },
    {
      "id": 108,
      "image_id": 64,
      "category_id": 2,
      "segmentation": [],
      "bbox": [
        522.837676163512,
        240.40031955426127,
        158.953261515281,
        1085.7142106570777
      ],
      "ignore": 0,
      "iscrowd": 0,
      "area": 172577.81485743137
    },
    {
      "id": 109,
      "image_id": 64,
      "category_id": 2,
      "segmentation": [],
      "bbox": [
        1722.2117029511044,
        367.8256551444454,
        149.7574389591826,
        960.2872118028561
      ],
      "ignore": 0,
      "iscrowd": 0,
      "area": 143810.15350484988
    },
    {
      "id": 110,
      "image_id": 65,
      "category_id": 1,
      "segmentation": [],
      "bbox": [
        561.4880143576457,
        250.1610082714519,
        511.23743903305353,
        822.2929862438988
      ],
      "ignore": 0,
      "iscrowd": 0,
      "area": 420386.96042217273
    },
    {
      "id": 111,
      "image_id": 66,
      "category_id": 1,
      "segmentation": [],
      "bbox": [
        873.8556125499213,
        52.252492367865585,
        1174.1443874500787,
        1483.747507632134
      ],
      "ignore": 0,
      "iscrowd": 0,
      "area": 1742133.808479313
    },
    {
      "id": 112,
      "image_id": 67,
      "category_id": 1,
      "segmentation": [],
      "bbox": [
        395.70137389890886,
        108.36894088530136,
        553.3216081101851,
        1308.5473561054118
      ],
      "ignore": 0,
      "iscrowd": 0,
      "area": 724047.5273685775
    },
    {
      "id": 113,
      "image_id": 68,
      "category_id": 1,
      "segmentation": [],
      "bbox": [
        409.19044354867873,
        371.0494117647077,
        1422.911211477001,
        932.9121568627421
      ],
      "ignore": 0,
      "iscrowd": 0,
      "area": 1327451.1673231863
    },
    {
      "id": 114,
      "image_id": 69,
      "category_id": 1,
      "segmentation": [],
      "bbox": [
        198.36774809401416,
        358.29288702928983,
        1746.6579945887997,
        584.8368200836801
      ],
      "ignore": 0,
      "iscrowd": 0,
      "area": 1021509.9073290514
    },
    {
      "id": 115,
      "image_id": 70,
      "category_id": 1,
      "segmentation": [],
      "bbox": [
        368.40910375702765,
        341.2470391500919,
        1033.571534760847,
        1115.9332045958968
      ],
      "ignore": 0,
      "iscrowd": 0,
      "area": 1153396.7949647713
    },
    {
      "id": 116,
      "image_id": 71,
      "category_id": 1,
      "segmentation": [],
      "bbox": [
        403.6121262932574,
        170.77613855035065,
        719.2174251888578,
        1215.2736840942862
      ],
      "ignore": 0,
      "iscrowd": 0,
      "area": 874046.0099740698
    },
    {
      "id": 117,
      "image_id": 72,
      "category_id": 1,
      "segmentation": [],
      "bbox": [
        610.6309632557318,
        173.61612641776412,
        169.86388284854416,
        301.78247961043303
      ],
      "ignore": 0,
      "iscrowd": 0,
      "area": 51261.94376228977
    },
    {
      "id": 118,
      "image_id": 73,
      "category_id": 1,
      "segmentation": [],
      "bbox": [
        1189.135868806049,
        427.60076942959887,
        355.87419829534645,
        550.3198849615609
      ],
      "ignore": 0,
      "iscrowd": 0,
      "area": 195844.64786668276
    },
    {
      "id": 119,
      "image_id": 74,
      "category_id": 1,
      "segmentation": [],
      "bbox": [
        664.3330495635713,
        330.33523766199687,
        1056.3860747994106,
        342.95728529937287
      ],
      "ignore": 0,
      "iscrowd": 0,
      "area": 362295.3004412661
    },
    {
      "id": 120,
      "image_id": 75,
      "category_id": 1,
      "segmentation": [],
      "bbox": [
        1438.5186536127308,
        0.0,
        382.5644009427658,
        535.7429642174247
      ],
      "ignore": 0,
      "iscrowd": 0,
      "area": 204956.1861651407
    },
    {
      "id": 121,
      "image_id": 75,
      "category_id": 2,
      "segmentation": [],
      "bbox": [
        1523.6219488495117,
        9.153534185697767e-14,
        222.05774075705406,
        343.4101369284961
      ],
      "ignore": 0,
      "iscrowd": 0,
      "area": 76256.87915941243
    },
    {
      "id": 122,
      "image_id": 75,
      "category_id": 3,
      "segmentation": [],
      "bbox": [
        1849.2229135688349,
        0.0,
        95.97415584923814,
        178.7577091409722
      ],
      "ignore": 0,
      "iscrowd": 0,
      "area": 17156.120236348448
    },
    {
      "id": 123,
      "image_id": 75,
      "category_id": 3,
      "segmentation": [],
      "bbox": [
        1729.4533441533554,
        -9.106182840645566e-16,
        138.38411514529588,
        205.03253437603783
      ],
      "ignore": 0,
      "iscrowd": 0,
      "area": 28373.245845625454
    },
    {
      "id": 124,
      "image_id": 75,
      "category_id": 3,
      "segmentation": [],
      "bbox": [
        1648.5246424841635,
        -2.8540750233327385e-16,
        116.80439175407132,
        173.08091559779348
      ],
      "ignore": 0,
      "iscrowd": 0,
      "area": 20216.611070638024
    },
    {
      "id": 125,
      "image_id": 76,
      "category_id": 1,
      "segmentation": [],
      "bbox": [
        219.31960905155253,
        66.24436403494252,
        320.80264837511993,
        923.2008060808072
      ],
      "ignore": 0,
      "iscrowd": 0,
      "area": 296165.2635727685
    },
    {
      "id": 126,
      "image_id": 76,
      "category_id": 1,
      "segmentation": [],
      "bbox": [
        515.3618398626323,
        54.55887855383461,
        365.5421567573212,
        966.6691681763616
      ],
      "ignore": 0,
      "iscrowd": 0,
      "area": 353358.33260599285
    },
    {
      "id": 127,
      "image_id": 76,
      "category_id": 2,
      "segmentation": [],
      "bbox": [
        1000.322806479165,
        43.35550907370092,
        109.11791828822996,
        833.4562556321741
      ],
      "ignore": 0,
      "iscrowd": 0,
      "area": 90945.01159888567
    },
    {
      "id": 128,
      "image_id": 76,
      "category_id": 2,
      "segmentation": [],
      "bbox": [
        1129.1959223599824,
        53.191241932312366,
        94.82973237455752,
        773.5389808185723
      ],
      "ignore": 0,
      "iscrowd": 0,
      "area": 73354.4945323132
    },
    {
      "id": 129,
      "image_id": 76,
      "category_id": 2,
      "segmentation": [],
      "bbox": [
        1295.9024562046266,
        54.42021638273318,
        85.43419658317126,
        592.5663040541381
      ],
      "ignore": 0,
      "iscrowd": 0,
      "area": 50625.42610912446
    },
    {
      "id": 130,
      "image_id": 76,
      "category_id": 2,
      "segmentation": [],
      "bbox": [
        1442.8477507810956,
        56.00521647515743,
        68.68294955367955,
        449.31697421711016
      ],
      "ignore": 0,
      "iscrowd": 0,
      "area": 30860.41507376571
    },
    {
      "id": 131,
      "image_id": 76,
      "category_id": 2,
      "segmentation": [],
      "bbox": [
        1455.7494557982732,
        713.7701688533525,
        92.33030384950156,
        588.301230368119
      ],
      "ignore": 0,
      "iscrowd": 0,
      "area": 54318.031354924045
    },
    {
      "id": 132,
      "image_id": 76,
      "category_id": 2,
      "segmentation": [],
      "bbox": [
        1329.4295036038427,
        879.4194278474621,
        73.71624724746587,
        485.5805721525383
      ],
      "ignore": 0,
      "iscrowd": 0,
      "area": 35795.177515362455
    },
    {
      "id": 133,
      "image_id": 76,
      "category_id": 2,
      "segmentation": [],
      "bbox": [
        1179.0543692645256,
        926.0791458851626,
        81.8780171259119,
        438.92085411483697
      ],
      "ignore": 0,
      "iscrowd": 0,
      "area": 35937.9692101345
    },
    {
      "id": 134,
      "image_id": 76,
      "category_id": 2,
      "segmentation": [],
      "bbox": [
        1074.6879943697263,
        965.4587871108022,
        75.08949118731364,
        399.5412128891978
      ],
      "ignore": 0,
      "iscrowd": 0,
      "area": 30001.34638421202
    },
    {
      "id": 135,
      "image_id": 76,
      "category_id": 2,
      "segmentation": [],
      "bbox": [
        1561.0698676166687,
        586.0954491766198,
        95.90799702629889,
        745.0539114241321
      ],
      "ignore": 0,
      "iscrowd": 0,
      "area": 71456.62832129802
    },
    {
      "id": 136,
      "image_id": 77,
      "category_id": 1,
      "segmentation": [],
      "bbox": [
        330.1529928835986,
        460.65610176327607,
        158.31277926720236,
        308.6537481408012
      ],
      "ignore": 0,
      "iscrowd": 0,
      "area": 48863.83269940933
    },
    {
      "id": 137,
      "image_id": 78,
      "category_id": 1,
      "segmentation": [],
      "bbox": [
        537.6972461235489,
        566.1512980936175,
        340.2015001662737,
        856.1445160795649
      ],
      "ignore": 0,
      "iscrowd": 0,
      "area": 291261.64872939646
    },
    {
      "id": 138,
      "image_id": 79,
      "category_id": 1,
      "segmentation": [],
      "bbox": [
        226.24981823802352,
        586.2038788909836,
        543.8327240201601,
        445.83939181668626
      ],
      "ignore": 0,
      "iscrowd": 0,
      "area": 242462.05092715996
    },
    {
      "id": 139,
      "image_id": 80,
      "category_id": 1,
      "segmentation": [],
      "bbox": [
        418.0665099064972,
        738.9255186417936,
        570.9526856735271,
        248.23302116218093
      ],
      "ignore": 0,
      "iscrowd": 0,
      "area": 141729.31010540068
    },
    {
      "id": 140,
      "image_id": 81,
      "category_id": 1,
      "segmentation": [],
      "bbox": [
        667.6674034447176,
        369.29238659037685,
        206.35113587913392,
        722.5996362872471
      ],
      "ignore": 0,
      "iscrowd": 0,
      "area": 149109.25573372247
    },
    {
      "id": 141,
      "image_id": 82,
      "category_id": 1,
      "segmentation": [],
      "bbox": [
        585.8292979260367,
        181.37454573893996,
        571.3737627230661,
        763.784254270943
      ],
      "ignore": 0,
      "iscrowd": 0,
      "area": 436406.28327141976
    },
    {
      "id": 142,
      "image_id": 83,
      "category_id": 1,
      "segmentation": [],
      "bbox": [
        656.5105837075012,
        702.4116980167117,
        160.91920080595503,
        249.9888542682381
      ],
      "ignore": 0,
      "iscrowd": 0,
      "area": 40228.006639241234
    },
    {
      "id": 143,
      "image_id": 84,
      "category_id": 1,
      "segmentation": [],
      "bbox": [
        238.71979590665103,
        301.3738465429771,
        265.84330879764383,
        115.39819267380756
      ],
      "ignore": 0,
      "iscrowd": 0,
      "area": 30677.837369673023
    },
    {
      "id": 144,
      "image_id": 85,
      "category_id": 1,
      "segmentation": [],
      "bbox": [
        961.8204492821885,
        561.5370859760532,
        367.7260137398693,
        299.2747701131993
      ],
      "ignore": 0,
      "iscrowd": 0,
      "area": 110051.11822664255
    },
    {
      "id": 145,
      "image_id": 86,
      "category_id": 1,
      "segmentation": [],
      "bbox": [
        528.6107997273065,
        140.4214502768815,
        209.19494343046378,
        537.0495557479527
      ],
      "ignore": 0,
      "iscrowd": 0,
      "area": 112348.05143404867
    },
    {
      "id": 146,
      "image_id": 87,
      "category_id": 1,
      "segmentation": [],
      "bbox": [
        1053.6825001908016,
        876.1863452750674,
        329.0878288712254,
        137.7766788218533
      ],
      "ignore": 0,
      "iscrowd": 0,
      "area": 45340.62810257184
    },
    {
      "id": 147,
      "image_id": 87,
      "category_id": 1,
      "segmentation": [],
      "bbox": [
        879.7530317742638,
        772.691002908636,
        180.7150267989016,
        192.21490445005648
      ],
      "ignore": 0,
      "iscrowd": 0,
      "area": 34736.121608840265
    },
    {
      "id": 148,
      "image_id": 87,
      "category_id": 1,
      "segmentation": [],
      "bbox": [
        474.4910000384337,
        891.0162916174688,
        286.6631531326345,
        144.94583423266403
      ],
      "ignore": 0,
      "iscrowd": 0,
      "area": 41550.62987457562
    },
    {
      "id": 149,
      "image_id": 87,
      "category_id": 1,
      "segmentation": [],
      "bbox": [
        553.3821872694012,
        679.693062524728,
        54.50506165951336,
        199.3676761926405
      ],
      "ignore": 0,
      "iscrowd": 0,
      "area": 10866.547483793764
    },
    {
      "id": 150,
      "image_id": 88,
      "category_id": 1,
      "segmentation": [],
      "bbox": [
        963.3939937024137,
        1006.9238850643387,
        92.33047492547459,
        196.23970765872554
      ],
      "ignore": 0,
      "iscrowd": 0,
      "area": 18118.905407366423
    },
    {
      "id": 151,
      "image_id": 89,
      "category_id": 1,
      "segmentation": [],
      "bbox": [
        554.874403952183,
        857.97506250142,
        270.4852313916908,
        136.2623801411841
      ],
      "ignore": 0,
      "iscrowd": 0,
      "area": 36856.96142247071
    },
    {
      "id": 152,
      "image_id": 89,
      "category_id": 1,
      "segmentation": [],
      "bbox": [
        956.0887090884926,
        1016.5697110573972,
        276.4109330333366,
        147.88735902130225
      ],
      "ignore": 0,
      "iscrowd": 0,
      "area": 40877.682890914184
    },
    {
      "id": 153,
      "image_id": 90,
      "category_id": 1,
      "segmentation": [],
      "bbox": [
        759.1466744212494,
        438.94072145887503,
        543.953566494475,
        926.0592785411249
      ],
      "ignore": 0,
      "iscrowd": 0,
      "area": 503733.2473477453
    },
    {
      "id": 154,
      "image_id": 91,
      "category_id": 1,
      "segmentation": [],
      "bbox": [
        768.8151160419276,
        773.1346358812755,
        137.31095170866556,
        339.94709502567207
      ],
      "ignore": 0,
      "iscrowd": 0,
      "area": 46678.4591485712
    },
    {
      "id": 155,
      "image_id": 92,
      "category_id": 1,
      "segmentation": [],
      "bbox": [
        611.3982944487404,
        784.6584827306513,
        610.1473582206706,
        255.48874590855215
      ],
      "ignore": 0,
      "iscrowd": 0,
      "area": 155885.78337121528
    },
    {
      "id": 156,
      "image_id": 93,
      "category_id": 1,
      "segmentation": [],
      "bbox": [
        675.9399584953403,
        310.615224378634,
        256.75805612424585,
        319.9973047012091
      ],
      "ignore": 0,
      "iscrowd": 0,
      "area": 82161.88592008044
    },
    {
      "id": 157,
      "image_id": 94,
      "category_id": 1,
      "segmentation": [],
      "bbox": [
        116.53641449130988,
        604.0791652886693,
        648.0257686948642,
        877.2932196485689
      ],
      "ignore": 0,
      "iscrowd": 0,
      "area": 568508.6130335561
    },
    {
      "id": 158,
      "image_id": 95,
      "category_id": 1,
      "segmentation": [],
      "bbox": [
        262.85423672366755,
        308.29652753699844,
        229.98542404907192,
        395.62776537236675
      ],
      "ignore": 0,
      "iscrowd": 0,
      "area": 90988.6193847505
    },
    {
      "id": 159,
      "image_id": 96,
      "category_id": 1,
      "segmentation": [],
      "bbox": [
        58.009324047685226,
        182.02342424627702,
        1201.2024794108784,
        641.5720719158664
      ],
      "ignore": 0,
      "iscrowd": 0,
      "area": 770657.9635061132
    },
    {
      "id": 160,
      "image_id": 97,
      "category_id": 1,
      "segmentation": [],
      "bbox": [
        59.65607345383808,
        1050.5892187731038,
        526.6705284013148,
        361.487527166439
      ],
      "ignore": 0,
      "iscrowd": 0,
      "area": 190384.82694323306
    },
    {
      "id": 161,
      "image_id": 97,
      "category_id": 1,
      "segmentation": [],
      "bbox": [
        237.47283283797475,
        149.26674463639654,
        910.3835448572474,
        783.8711636315985
      ],
      "ignore": 0,
      "iscrowd": 0,
      "area": 713623.4086583101
    },
    {
      "id": 162,
      "image_id": 98,
      "category_id": 1,
      "segmentation": [],
      "bbox": [
        77.80280662660894,
        755.691226657927,
        118.25522075997418,
        184.0845917400199
      ],
      "ignore": 0,
      "iscrowd": 0,
      "area": 21768.964034725774
    },
    {
      "id": 163,
      "image_id": 99,
      "category_id": 1,
      "segmentation": [],
      "bbox": [
        891.4635823965908,
        359.2165037042635,
        977.4613369421371,
        435.6771137986974
      ],
      "ignore": 0,
      "iscrowd": 0,
      "area": 425857.5341287664
    },
    {
      "id": 164,
      "image_id": 100,
      "category_id": 1,
      "segmentation": [],
      "bbox": [
        304.36679841897296,
        611.3150823453346,
        250.67198493810454,
        644.4454816153708
      ],
      "ignore": 0,
      "iscrowd": 0,
      "area": 161544.42806091777
    },
    {
      "id": 165,
      "image_id": 100,
      "category_id": 1,
      "segmentation": [],
      "bbox": [
        478.78206196192906,
        337.0677186023908,
        153.51118317631577,
        450.12059150386415
      ],
      "ignore": 0,
      "iscrowd": 0,
      "area": 69098.5445737813
    },
    {
      "id": 166,
      "image_id": 101,
      "category_id": 1,
      "segmentation": [],
      "bbox": [
        1636.0762860846692,
        163.3681456000046,
        411.9237139153311,
        299.4353817486517
      ],
      "ignore": 0,
      "iscrowd": 0,
      "area": 123344.53452755956
    }
  ],
  "info": {
    "year": 2024,
    "version": "1.0",
    "description": "",
    "contributor": "Label Studio",
    "url": "",
    "date_created": "2024-04-19 12:34:48.235967"
  }
}